<?xml version="1.0" encoding="UTF-8"?>
<modification>
	<id>AJAX QUICK CHECKOUT V6 BY DREAMVENTION</id>
	<version>2.0.0.0</version>
	<vqmver>2.2.1</vqmver>
	<author>dreamvention.com</author>
	<file name="catalog/controller/checkout/checkout.php">
		<operation error="skip" info="for 2.0.x and 2.1.x">
			<search position="replace" offset="4"><![CDATA[if (file_exists(DIR_TEMPLATE . $this->config->get('config_template') . '/template/checkout/checkout.tpl')) {]]></search>
			<ignoreif><![CDATA[// a_vqmod_d_quickcheckout.xml]]></ignoreif>
			<add><![CDATA[
			// a_vqmod_d_quickcheckout.xml
			
			if($this->config->get('d_quickcheckout_status')){
				$template = 'd_quickcheckout';
			}else{
				$template = 'checkout';
			}
			
			if (file_exists(DIR_TEMPLATE . $this->config->get('config_template') . '/template/checkout/'.$template.'.tpl')) {
				$template = $this->config->get('config_template') . '/template/checkout/'.$template.'.tpl';
			} else {
				$template = 'default/template/checkout/'.$template.'.tpl';
			}
			$this->response->setOutput($this->load->view($template, $data));]]></add>
		</operation>
		<operation error="skip" info="For 2.2.x and up">
			<search position="replace"><![CDATA[$this->response->setOutput($this->load->view('checkout/checkout', $data));]]></search>
			<ignoreif><![CDATA[// a_vqmod_d_quickcheckout.xml]]></ignoreif>
			<add><![CDATA[
			// a_vqmod_d_quickcheckout.xml
			
			if($this->config->get('d_quickcheckout_status')){
				$template = 'd_quickcheckout';
			}else{
				$template = 'checkout';
			}
			
			$this->response->setOutput($this->load->view('checkout/'.$template, $data));]]></add>
		</operation>
		<operation error="skip">
			<search position="before"><![CDATA[$data['header'] = $this->load->controller('common/header');]]></search>
			<add><![CDATA[
		if($this->config->get('d_quickcheckout_status')){
			$data['d_quickcheckout'] = $this->load->controller('module/d_quickcheckout');
		}
		]]></add>
		</operation>
	</file>
	<file name="system/library/tax.php,system/library/cart/tax.php">
		<operation error="skip">
			<search position="after"><![CDATA[final class Tax {]]></search>
			<ignoreif><![CDATA[// a_vqmod_d_quickcheckout.xml]]></ignoreif>
			<add><![CDATA[
	// a_vqmod_d_quickcheckout.xml
	public function clearRates(){
		$this->tax_rates = array();
	}
			]]></add>
		</operation>
	</file>
	<file name="system/library/tax.php,system/library/tax.php">
		<operation error="skip">
			<search position="after"><![CDATA[final class Tax {]]></search>
			<ignoreif><![CDATA[// a_vqmod_d_quickcheckout.xml]]></ignoreif>
			<add><![CDATA[
	// a_vqmod_d_quickcheckout.xml
	public function clearRates(){
		$this->tax_rates = array();
	}
			]]></add>
		</operation>

	</file>
</modification>